"rows","cols","RcppML_ms","NMF_lee_ms","NMF_brunet_ms","speedup_lee","speedup_brunet"
500,200,1389.1187,456.337,526.5956,0.328508283705345,0.379086106896408
1000,500,1.7996844,1.0673862,1.5051037,0.593096322888613,0.836315356181339
2000,1000,4.377212,3.6282141,5.5134581,0.828886994735462,1.2595821495509
