"Loss","MSE_on_clean"
"MSE",0.989136990391498
"MAE",0.365345817493933
"Huber",0.364823006049775
